{
    "train_stu": {
        "train_loss": 0.05705356685211882,
        "test_loss": 0.14572572362859074
    },
    "step": 51
}