{
    "train_stu": {
        "train_loss": 0.05218150210566819,
        "test_loss": 0.15876837619921055
    },
    "step": 51
}