{
    "train_stu": {
        "train_loss": 0.05866990640060976,
        "test_loss": 0.17199743611783516
    },
    "step": 24
}