{
    "train_stu": {
        "train_loss": 0.061833578773075715,
        "test_loss": 0.16623084646899525
    },
    "step": 38
}