{
    "train_stu": {
        "train_loss": 0.061023389775073156,
        "test_loss": 0.15357598462482777
    },
    "step": 51
}